{
    "num_users": 5000,
    "without_penalty": {
        "5": {
            "Hit_Rate": 0.1078,
            "Precision": 0.02236,
            "Recall": 0.0559,
            "Coverage_Percent": 17.7440123615761,
            "Unique_Items_Recommended": 689
        },
        "10": {
            "Hit_Rate": 0.164,
            "Precision": 0.01746,
            "Recall": 0.0873,
            "Coverage_Percent": 20.03605459696111,
            "Unique_Items_Recommended": 778
        },
        "15": {
            "Hit_Rate": 0.2024,
            "Precision": 0.014653333333333332,
            "Recall": 0.1099,
            "Coverage_Percent": 21.55549832603657,
            "Unique_Items_Recommended": 837
        },
        "20": {
            "Hit_Rate": 0.2416,
            "Precision": 0.013300000000000003,
            "Recall": 0.133,
            "Coverage_Percent": 22.276590265258818,
            "Unique_Items_Recommended": 865
        }
    },
    "with_penalty": {
        "5": {
            "Hit_Rate": 0.1026,
            "Precision": 0.021320000000000002,
            "Recall": 0.0533,
            "Coverage_Percent": 18.25907803244914,
            "Unique_Items_Recommended": 709
        },
        "10": {
            "Hit_Rate": 0.1562,
            "Precision": 0.0166,
            "Recall": 0.083,
            "Coverage_Percent": 20.731393252639712,
            "Unique_Items_Recommended": 805
        },
        "15": {
            "Hit_Rate": 0.2012,
            "Precision": 0.01446666666666667,
            "Recall": 0.1085,
            "Coverage_Percent": 22.019057429822304,
            "Unique_Items_Recommended": 855
        },
        "20": {
            "Hit_Rate": 0.2394,
            "Precision": 0.0131,
            "Recall": 0.131,
            "Coverage_Percent": 22.894669070306463,
            "Unique_Items_Recommended": 889
        }
    }
}